subfield,year,rank,work_id,title,authors_top3,concepts_top3,abstract_preview,primary_source
operating systems,1975,1,https://openalex.org/W158727920,Judgment under Uncertainty: Heuristics and Biases,Amos Tversky; Daniel Kahneman,Representativeness heuristic (0.95); Heuristics (0.95); Class (philosophy) (0.61),,
operating systems,1975,2,https://openalex.org/W2165612380,A vector space model for automatic indexing,Gerard Salton; Anita M.-Y. Wong; Chul‐Su Yang,Search engine indexing (0.94); Vector space model (0.81); Computer science (0.69),"In a document retrieval, or other pattern matching environment where stored entities (documents) are compared with each other or with incoming patterns (search requests), it appears that the best indexing (property) space is one where each entity lies as far away from the others as possible; in thes...",Communications of the ACM
operating systems,1975,3,https://openalex.org/W2162897826,Dropout from Higher Education: A Theoretical Synthesis of Recent Research,Vincent Tinto,Dropout (neural networks) (0.89); Psychology (0.55); Process (computing) (0.50),"Despite the very extensive literature on dropout from higher education, much remains unknown about the nature of the dropout process. In large measure, the failure of past research to delineate more clearly the multiple characteristics of dropout can be traced to two major shortcomings; namely, inad...",Review of Educational Research
operating systems,1975,4,https://openalex.org/W2043769961,The Wire-Tap Channel,A.D. Wyner,Decoding methods (0.72); Transmitter (0.67); Channel (broadcasting) (0.65),"We consider the situation in which digital data is to be reliably transmitted over a discrete, memoryless channel (dmc) that is subjected to a wire-tap at the receiver. We assume that the wire-tapper views the channel output via a second dmc). Encoding by the transmitter and decoding by the receiver...",Bell System Technical Journal
operating systems,1975,5,https://openalex.org/W2016417523,Intracellular Aspects of the Process of Protein Synthesis,George E. Palade,Intracellular (0.72); Process (computing) (0.54); Chemistry (0.43),"The title of the Nobel Lecture of George Palade (1 August, p. 347) should have been ""Intracellular aspects of the process of protein secretion.""",Science
operating systems,1975,6,https://openalex.org/W1979505044,A dynamic model of process and product innovation,James M. Utterback; William J. Abernathy,Competition (biology) (0.63); Process (computing) (0.62); Production (economics) (0.61),,Omega
operating systems,1975,7,https://openalex.org/W2164540423,"Congress: The Electoral Connection, <i>by David R. Mayhew</i>",Benjamin I. Page,Principal (computer security) (0.68); Political science (0.61); Test (biology) (0.57),"In this second edition to a book that has now achieved canonical status, David R. Mayhew argues that the principal motivation of legislators is reelection and that the pursuit of this goal affects the way they behave and the way that they make public policy. In a new foreword for this edition, R. Do...",Political Science Quarterly
operating systems,1975,8,https://openalex.org/W2095881341,The protection of information in computer systems,Jerome H. Saltzer; Michael Schroeder,Section (typography) (0.76); Computer science (0.67); Relation (database) (0.65),This tutorial paper explores the mechanics of protecting computer-stored information from unauthorized use or modification. It concentrates on those architectural structures-whether hardware or software-that are necessary to support information protection. The paper develops in three main sections. ...,Proceedings of the IEEE
operating systems,1975,9,https://openalex.org/W1530109122,The Development of Spatial Representations of Large-Scale Environments,Alexander W. Siegel; Sheldon H. White,Representation (politics) (0.75); Cognitive science (0.54); Perception (0.51),,Advances in child development and behavior
operating systems,1975,10,https://openalex.org/W2322912111,International Committee on Systematic Bacteriology: Subcommittee on the Phage-Typing of Staphylococci,E. H. ASHESHOV; R Skalova,Bacteriology (0.60); Principal (computer security) (0.53); Clinical microbiology (0.46),"Microbiology Society journals contain high-quality research papers and topical review articles. We are a not-for-profit publisher and we support and invest in the microbiology community, to the benefit of everyone. This supports our principal goal to develop, expand and strengthen the networks avail...",International Journal of Systematic Bacteriology
operating systems,1975,11,https://openalex.org/W1485099091,The Ionic Channels in Excitable Membranes,R. D. Keynes,Ionic bonding (0.57); Section (typography) (0.53); Membrane (0.48),The ionic channels in excitable membranes are of two classes: those that open and close when the membrane potential alters and those that respond to the release of an appropriate chemical transmitter. The former are responsible for the conduction of impulses in nerve and muscle fibres and the latter...,Novartis Foundation symposium
operating systems,1975,12,https://openalex.org/W2139030761,The modified nodal approach to network analysis,Chung-Wen Ho; Albert E. Ruehli; P.A. Brennan,Modified nodal analysis (0.91); Network analysis (0.70); Nodal analysis (0.70),"The nodal method has been widely used for formulating circuit equations in computer-aided network analysis and design programs. However, several limitations exist in this method including the inability to process voltage sources and current-dependent circuit elements in a simple and efficient manner...",IEEE Transactions on Circuits and Systems
operating systems,1975,13,https://openalex.org/W2047163318,Standardization of bronchial inhalation challenge procedures,Hyman Chai; Richard S. Farr; Luz A. Froehlich,Standardization (0.84); Inhalation (0.69); Medicine (0.55),,Journal of Allergy and Clinical Immunology
operating systems,1975,14,https://openalex.org/W2057392949,NP-complete scheduling problems,Jeffrey D. Ullman,Conjecture (0.67); Computer science (0.62); Scheduling (production processes) (0.61),,Journal of Computer and System Sciences
operating systems,1975,15,https://openalex.org/W1547377254,"Group Tasks, Group Interaction Process, and Group Performance Effectiveness: A Review and Proposed Integration",J. Richard Hackman; Charles G. Morris,Group (periodic table) (0.81); Set (abstract data type) (0.61); Argument (complex analysis) (0.61),,Advances in experimental social psychology
operating systems,1975,16,https://openalex.org/W2033593649,DIRECT AND INVERSE SOLUTIONS OF GEODESICS ON THE ELLIPSOID WITH APPLICATION OF NESTED EQUATIONS,T. Vincenty,Ellipsoid (0.80); Geodesic (0.74); Mathematics (0.62),AbstractThis paper gives compact formulae for the direct and inverse solutions of geodesics of any length. Existing formulae have been recast for efficient programming to conserve space and reduce execution time. The main feature of the new formulae is the use of nested equations for elliptic terms....,Survey Review
operating systems,1975,17,https://openalex.org/W2006021834,The Policy Implementation Process,Donald S. Van Meter; Carl E. Van Horn,Process (computing) (0.63); Process management (0.58); Public administration (0.49),,Administration & Society
operating systems,1975,18,https://openalex.org/W2094316274,Sleep Cycle Oscillation: Reciprocal Discharge by Two Brainstem Neuronal Groups,J. Allan Hobson; Robert W. McCarley; P. Wyzinski,Locus coeruleus (0.90); Reticular formation (0.67); Brainstem (0.66),"During the sleep cycle in cats, neurons localized to the posterolateral pole of the nucleus locus coeruleus and the nucleus subcoeruleus undergo discharge rate changes that are the opposite of those of the pontine reticular giant cells. The inverse rate ratios and activity curves of these two interc...",Science
operating systems,1975,19,https://openalex.org/W1515421853,Writing without Teachers,John S. Mayher; Peter Elbow,Writing process (0.74); Professional writing (0.71); Subconscious (0.56),"In Writing Without Teachers, well-known advocate of innovative teaching methods Peter Elbow outlines a practical program for learning how to write. His approach is especially helpful to people who get stuck or blocked in their writing, and is equally useful for writing fiction, poetry, and essays, a...",The English Journal
operating systems,1975,20,https://openalex.org/W2025113759,Concept of nonintegrable phase factors and global formulation of gauge fields,Tai Tsun Wu; Chen Ning Yang,Physics (0.71); Electromagnetism (0.65); Magnetic monopole (0.62),"Through an examination of the Bohm-Aharonov experiment an intrinsic and complete description of electromagnetism in a space-time region is formulated in terms of a nonintegrable phase factor. This concept, in its global ramifications, is studied through an examination of Dirac's magnetic monopole fi...","Physical review. D. Particles, fields, gravitation, and cosmology/Physical review. D. Particles and fields"
operating systems,1975,21,https://openalex.org/W2136144249,"Asymptotic evaluation of certain markov process expectations for large time, II",M. D. Donsker; S. R. S. Varadhan,Mathematics (0.79); Markov chain (0.56); Markov process (0.56),,Communications on Pure and Applied Mathematics
operating systems,1975,22,https://openalex.org/W2165654401,A linear space algorithm for computing maximal common subsequences,D. S. Hirschberg,Longest common subsequence problem (0.84); Subsequence (0.70); Longest increasing subsequence (0.63),The problem of finding a longest common subsequence of two strings has been solved in quadratic time and space. An algorithm is presented which will solve this problem in quadratic time and in linear space.,Communications of the ACM
operating systems,1975,23,https://openalex.org/W1989561469,The Effects of Doubling the CO<sub>2</sub>Concentration on the climate of a General Circulation Model,Syukuro Manabe; R. T. Wetherald,Troposphere (0.76); Atmospheric sciences (0.68); Environmental science (0.60),"An attempt is made to estimate the temperature changes resulting from doubling the present CO2 concentration by the use of a simplified three-dimensional general circulation model. This model contains the following simplications: a limited computational domain, an idealized topography, no beat trans...",Journal of the Atmospheric Sciences
operating systems,1975,24,https://openalex.org/W1671721960,Transportation research,Walter Isard,Commodity (0.58); Flow network (0.50); Computer science (0.49),,Regional Science and Urban Economics
operating systems,1975,25,https://openalex.org/W4239074664,The internal model principle for linear multivariable regulators,Bruce A. Francis; W.M. Wonham,Multivariable calculus (0.88); Control theory (sociology) (0.81); Regulator (0.70),,Applied Mathematics & Optimization
operating systems,1975,26,https://openalex.org/W2023273380,ORGANIZATIONAL CLIMATES: AN ESSAY<sup>1</sup>,Benjamin Schneider,Citation (0.61); Principal (computer security) (0.45); Psychology (0.44),,Personnel Psychology
operating systems,1975,27,https://openalex.org/W2070217890,Measures on the Closed Subspaces of a Hilbert Space,Andrew M. Gleason,Linear subspace (0.97); Hilbert space (0.76); Countable set (0.75),,
operating systems,1975,28,https://openalex.org/W1982066070,"Topophilia: A Study of Environmental Perception, Attitudes, and Values",James F. O'Leary; Yi-Fu Tuan,Wilderness (0.86); Perspective (graphical) (0.69); Perception (0.67),,Journal of Aesthetics and Art Criticism
operating systems,1975,29,https://openalex.org/W2061620672,A random-walk simulation of the Schrödinger equation: H+3,James B. Anderson,Equilateral triangle (0.70); Schrödinger equation (0.69); Diffusion equation (0.65),"A simple random-walk method for obtaining ab initio solutions of the Schrödinger equation is examined in its application to the case of the molecular ion H+3 in the equilateral triangle configuration with side length R=1.66 bohr. The method, which is based on the similarity of the Schrödinger equati...",The Journal of Chemical Physics
operating systems,1975,30,https://openalex.org/W2011833091,Tracking in a cluttered environment with probabilistic data association,Yaakov Bar‐Shalom; Edison Tse,Probabilistic logic (0.79); Data association (0.63); Filter (signal processing) (0.62),,Automatica
operating systems,1975,31,https://openalex.org/W2057895073,The internal model principle for linear multivariable regulators,Bruce A. Francis; W.M. Wonham,Multivariable calculus (0.90); Control theory (sociology) (0.81); Regulator (0.69),,Applied Mathematics & Optimization
operating systems,1975,32,https://openalex.org/W2092488901,RELEVANCE: A review of and a framework for the thinking on the notion in information science,Tefko Saračević,Relevance (law) (0.92); Epistemology (0.57); Subject (documents) (0.53),"Abstract Information science emerged as the third subject, along with logic and philosophy, to deal with relevance‐an elusive, human notion. The concern with relevance, as a key notion in information science, is traced to the problems of scientific communication. Relevance is considered as a measure...",Journal of the American Society for Information Science
operating systems,1975,33,https://openalex.org/W2056811928,Musculosketal Symptoms and Non-REM Sleep Disturbance in Patients with “Fibrositis Syndrome” and Healthy Subjects,Harvey Moldofsky; Phillip Scarisbrick; Robert W. England,Non-rapid eye movement sleep (0.92); K-complex (0.61); Sleep (system call) (0.57),"In sleep studies of (a) patients with the ""fibrositis syndrome"" and (b) healthy subjects undergoing stage 4 sleep deprivation, we observed in both groups the anomalous presence of alpha-rhythms in the non-rapid-eye-movement (NREM) sleep EEG. This phenomenon has been termed alpha-delta sleep. In the ...",Psychosomatic Medicine
operating systems,1975,34,https://openalex.org/W2091691807,The measurement of appearance,Richard S. Hunter; David L. MacAdam,Gloss (optics) (0.80); Chromatic scale (0.64); Artificial intelligence (0.64),"APPEARANCE ATTRIBUTES AND THEIR BASES IN PHYSICS, PSYCHOLOGY, AND PHYSIOLOGY. Attributes of the Appearance of Objects. Light Sources and Illumination. Interaction of Objects with Light. The Human Observer and Visual Evaluation of Object Appearance. Psychophysical Scales for Appearance Measurement. T...",
operating systems,1975,35,https://openalex.org/W2910001684,"Derivation of new readability formulas (Automated Readability Index, Fog Count and Flesch Reading Ease Formula) for Navy enlisted personnel ; Research Branch Report 8-75",J. Peter Kincaid; P Fishburne Lieutenant Robert; L Rogers Richard,Readability (0.95); Reading (process) (0.55); Navy (0.53),,
operating systems,1975,36,https://openalex.org/W2059206957,Metric geometry of equilibrium thermodynamics,Frank Weinhold,Axiom (0.67); Equilibrium thermodynamics (0.66); Formalism (music) (0.59),"It is shown that the principal empirical laws of equilibrium thermodynamics can be brought into correspondence with the mathematical axioms of an abstract metric space. This formal correspondence permits one to associate with the thermodynamic formalism a geometrical aspect, with intrinsic metric st...",The Journal of Chemical Physics
operating systems,1975,37,https://openalex.org/W1983597038,A preliminary scanning electron microscopic study of root canals after endodontic procedures,Dorothy McComb; Dennis C. Smith,Sodium hypochlorite (0.92); Smear layer (0.78); Root canal (0.75),,Journal of Endodontics
operating systems,1975,38,https://openalex.org/W2013815893,Data Storage in the Cerebellar Model Articulation Controller (CMAC),James S. Albus,Cerebellar model articulation controller (0.87); Controller (irrigation) (0.68); Computer science (0.61),"The storage of manipulator control functions in the CM AC memory is accomplished by an iterative process which, if the control function is sufficiently smooth, will converge. There are several different techniques for loading the CM AC memory depending on the amount of data which has already been st...",Journal of Dynamic Systems Measurement and Control
operating systems,1975,39,https://openalex.org/W2058390898,After Babel: Aspects of Language and Translation,George Woodcock,George (robot) (0.75); Icon (0.71); Citation (0.59),"Other| September 01 1975 After Babel: Aspects of Language and Translation George Steiner. New York and London: Oxford University Press, 1975. viii + 507 pp. $17.50 George Woodcock George Woodcock Search for other works by this author on: This Site Google Modern Language Quarterly (1975) 36 (3): 324–...",Modern Language Quarterly
operating systems,1975,40,https://openalex.org/W1568004189,The standardization and analysis of hand evaluation.,季雄 川端; 日本繊維機械学会風合い計量と規格化研究委員会,Standardization (0.84); Computer science (0.34); Operating system (0.05),,Medical Entomology and Zoology
operating systems,1975,41,https://openalex.org/W2067565872,Proceedings of the Society of Photo-optical Instrumentation Engineers,Brendan S. Brown,Instrumentation (computer programming) (0.89); Engineering (0.50); Engineering physics (0.46),"(1975). Proceedings of the Society of Photo-optical Instrumentation Engineers. Optica Acta: International Journal of Optics: Vol. 22, No. 9, pp. 793-795.",Optica Acta International Journal of Optics
operating systems,1975,42,https://openalex.org/W103694324,Potential Theory on Locally Compact Abelian Groups,Christian Berg; Gunnar Forst,Locally compact space (0.60); Pure mathematics (0.59); Abelian group (0.59),,
operating systems,1975,43,https://openalex.org/W2063760437,Exceptional Paper—Probability Encoding in Decision Analysis,Carl Spetzler; Carl-Axel S. Staël von Holstein,Encoding (memory) (0.85); Computer science (0.71); Variety (cybernetics) (0.54),"This paper presents the present philosophy and practice used in probability encoding by the Decision Analysis Group at Stanford Research Institute. Probability encoding, the process of extracting and quantifying individual judgment about uncertain quantities, is one of the major functions required i...",Management Science
operating systems,1975,44,https://openalex.org/W1566690694,The Skilled Helper: A Problem Management and Opportunity Development Approach to Helping,Gerard Egan,Commit (0.84); Active listening (0.75); Action (physics) (0.69),Part I: LAYING THE GROUNDWORK. 1. Introduction to Helping. 2. The Helping Relationship: Values in Action. 3. Overview of the Helping Model. Part II: STAGE I OF THE HELPING PROCESS AND THE SKILLS OF THERAPEUTIC DIALOGUE. 4. Stage I: The Current Picture: Task 1-Partner with Clients to Help Them Tell T...,Medical Entomology and Zoology
operating systems,1975,45,https://openalex.org/W2039415399,Facing up to arrangements: face-count formulas for partitions of space by hyperplanes,Thomas Zasĺavsky,Hyperplane (0.94); Face (sociological concept) (0.76); Mathematics (0.75),,Memoirs of the American Mathematical Society
operating systems,1975,46,https://openalex.org/W1982833188,Theory of mode locking with a fast saturable absorber,H. A. Haus,Saturable absorption (0.97); Pulse (music) (0.59); Laser (0.56),This paper presents a closed-form analysis of saturable absorber mode locking of a homogeneously broadened laser. A solution is obtained for the case of a short relaxation time of the saturable absorber. This pulse is a hyperbolic secant as a function of time. For each choice of parameters two pulse...,Journal of Applied Physics
operating systems,1975,47,https://openalex.org/W2163442709,On the method of virtual crack extensions,T. K. Hellen,Strain energy release rate (0.71); Tension (geology) (0.64); Finite element method (0.64),Abstract The measurement of energy release rates using virtual crack extensions has been made using finite element techniques. An economic and accurate technique for calculating energy changes due to any number of virtual tip changes is presented. Mixed‐mode situations can be dealt with by observing...,International Journal for Numerical Methods in Engineering
operating systems,1975,48,https://openalex.org/W2165770116,A World of Strangers: Order and Action in Urban Public Space.,Leonard Reissman; Lyn H. Lofland,Action (physics) (0.78); Space (punctuation) (0.66); Order (exchange) (0.62),,Contemporary Sociology A Journal of Reviews
operating systems,1975,49,https://openalex.org/W1583558677,SOLA: a numerical solution algorithm for transient fluid flows,C.W. Hirt; B.D. Nichols; Néstor Romero,Pressure gradient (0.65); Slip (aerodynamics) (0.62); Transient (computer programming) (0.52),"an elliptic equation for pressure that is solved by a conjugate gradient method. Boundary conditions of five general types may be chosen: free-slip, no-slip, continuative, periodic, and specified pressure. In addition, internal mesh specifications to model obstacles and walls are provided. SOLA-DM a...",
operating systems,1975,50,https://openalex.org/W1969995353,Measurement of Angular Acceleration of a Rigid Body Using Linear Accelerometers,Arvind J. Padgaonkar; K. W. Krieger; A. I. King,Accelerometer (0.92); Kinematics (0.88); Acceleration (0.76),"The computation of angular acceleration of a rigid body from measured linear accelerations is a simple procedure, based on well-known kinematic principles. It can be shown that, in theory, a minimum of six linear accelerometers are required for a complete definition of the kinematics of a rigid body...",Journal of Applied Mechanics
operating systems,2020,1,https://openalex.org/W3036319615,TBtools: An Integrative Toolkit Developed for Interactive Analyses of Big Biological Data,Chengjie Chen; Hao Chen; Yi Zhang,Computer science (0.74); Software (0.65); Java (0.64),,Molecular Plant
operating systems,2020,2,https://openalex.org/W3035524453,Momentum Contrast for Unsupervised Visual Representation Learning,Kaiming He; Haoqi Fan; Yuxin Wu,Artificial intelligence (0.73); Pascal (unit) (0.73); Computer science (0.72),"We present Momentum Contrast (MoCo) for unsupervised visual representation learning. From a perspective on contrastive learning as dictionary look-up, we build a dynamic dictionary with a queue and a moving-averaged encoder. This enables building a large and consistent dictionary on-the-fly that fac...",
operating systems,2020,3,https://openalex.org/W3008443627,An interactive web-based dashboard to track COVID-19 in real time,Ensheng Dong; Hongru Du; Lauren Gardner,Dashboard (0.78); Coronavirus disease 2019 (COVID-19) (0.75); Outbreak (0.75),"In December, 2019, a local outbreak of pneumonia of initially unknown cause was detected in Wuhan (Hubei, China), and was quickly determined to be caused by a novel coronavirus,1WHOWHO statement regarding cluster of pneumonia cases in Wuhan, China.https://www.who.int/china/news/detail/09-01-2020-who...",The Lancet Infectious Diseases
operating systems,2020,4,https://openalex.org/W3083406432,"<scp>UCSF ChimeraX</scp>: Structure visualization for researchers, educators, and developers",Eric F. Pettersen; Thomas D. Goddard; Conrad C. Huang,Undo (0.78); Computer science (0.77); Visualization (0.74),"UCSF ChimeraX is the next-generation interactive visualization program from the Resource for Biocomputing, Visualization, and Informatics (RBVI), following UCSF Chimera. ChimeraX brings (a) significant performance and graphics enhancements; (b) new implementations of Chimera's most highly used tools...",Protein Science
operating systems,2020,5,https://openalex.org/W4236357753,The ARRIVE guidelines 2.0: Updated guidelines for reporting animal research,Nathalie Percie du Sert; Viki Hurst; Amrita Ahluwalia,Rigour (0.94); Checklist (0.78); Context (archaeology) (0.66),Reproducible science requires transparent reporting. The ARRIVE guidelines (Animal Research: Reporting of In Vivo Experiments) were originally developed in 2010 to improve the reporting of animal research. They consist of a checklist of information to include in publications describing in vivo exper...,PLoS Biology
operating systems,2020,6,https://openalex.org/W3019350884,Risk‐of‐bias VISualization (robvis): An R package and Shiny web app for visualizing risk‐of‐bias assessments,Luke A. McGuinness; Julian P. T. Higgins,Timeline (0.77); Computer science (0.76); Visualization (0.73),"Despite a major increase in the range and number of software offerings now available to help researchers produce evidence syntheses, there is currently no generic tool for producing figures to display and explore the risk-of-bias assessments that routinely take place as part of systematic review. Ho...",Research Synthesis Methods
operating systems,2020,7,https://openalex.org/W3014125413,Version 4 of the CRU TS monthly high-resolution gridded multivariate climate dataset,Ian Harris; Timothy J. Osborn; P. D. Jones,Cru (0.98); Latitude (0.66); Metadata (0.55),CRU TS (Climatic Research Unit gridded Time Series) is a widely used climate dataset on a 0.5° latitude by 0.5° longitude grid over all land domains of the world except Antarctica. It is derived by the interpolation of monthly climate anomalies from extensive networks of weather station observations...,Scientific Data
operating systems,2020,8,https://openalex.org/W3035414587,GhostNet: More Features From Cheap Operations,Kai Han; Yunhe Wang; Qi Tian,Computer science (0.79); Redundancy (engineering) (0.75); Convolutional neural network (0.67),"Deploying convolutional neural networks (CNNs) on embedded devices is difficult due to the limited memory and computation resources. The redundancy in feature maps is an important characteristic of those successful CNNs, but has rarely been investigated in neural architecture design. This paper prop...",
operating systems,2020,9,https://openalex.org/W2583504027,The Delphi Technique: Making Sense of Consensus,Chia-Chien Hsu; Brian A. Sandford,Respondent (0.81); Delphi method (0.75); Delphi (0.74),The Delphi technique is a widely used and accepted method for gathering data from respondents within their domain of expertise. The technique is designed as a group communication process which aims to achieve a convergence of opinion on a specific real-world issue. The Delphi process has been used i...,Scholarworks (University of Massachusetts Amherst)
operating systems,2020,10,https://openalex.org/W2998789541,The Image Biomarker Standardization Initiative: Standardized Quantitative Radiomics for High-Throughput Image-based Phenotyping,Alex Zwanenburg; Martin Vallières; Mahmoud A. Abdalah,Standardization (0.68); Biomarker (0.65); Benchmark (surveying) (0.61),"Background Radiomic features may quantify characteristics present in medical imaging. However, the lack of standardized definitions and validated reference values have hampered clinical use. Purpose To standardize a set of 174 radiomic features. Materials and Methods Radiomic features were assessed ...",Radiology
operating systems,2020,11,https://openalex.org/W3047879827,The ARRIVE guidelines 2.0: Updated guidelines for reporting animal research,Nathalie Percie du Sert; Viki Hurst; Amrita Ahluwalia,Rigour (0.94); Checklist (0.75); Transparency (behavior) (0.66),Reproducible science requires transparent reporting. The ARRIVE guidelines (Animal Research: Reporting of In Vivo Experiments) were originally developed in 2010 to improve the reporting of animal research. They consist of a checklist of information to include in publications describing in vivo exper...,Experimental Physiology
operating systems,2020,12,https://openalex.org/W3035028232,AGREE—Analytical GREEnness Metric Approach and Software,Francisco Pena‐Pereira; W. Wojnowski; Marek Tobiszewski,Calculator (0.66); Automation (0.64); Metric (unit) (0.64),"Green analytical chemistry focuses on making analytical procedures more environmentally benign and safer to humans. The amounts and toxicity of reagents, generated waste, energy requirements, the number of procedural steps, miniaturization, and automation are just a few of the multitude of criteria ...",Analytical Chemistry
operating systems,2020,13,https://openalex.org/W3046751266,Scalable molecular dynamics on CPU and GPU architectures with NAMD,J. C. Phillips; David J. Hardy; Julio D. C. Maia,Computer science (0.66); Scalability (0.63); Molecular dynamics (0.54),"NAMDis a molecular dynamics program designed for high-performance simulations of very large biological objects on CPU- and GPU-based architectures. NAMD offers scalable performance on petascale parallel supercomputers consisting of hundreds of thousands of cores, as well as on inexpensive commodity ...",The Journal of Chemical Physics
operating systems,2020,14,https://openalex.org/W2998175747,International evaluation of an AI system for breast cancer screening,Scott Mayer McKinney; Marcin Sieniek; Varun Godbole,False positive paradox (0.81); Breast cancer (0.65); Mammography (0.65),,Nature
operating systems,2020,15,https://openalex.org/W3047141442,Generalizing RNA velocity to transient cell states through dynamical modeling,Volker Bergen; Marius Lange; Stefan Peidli,Transient (computer programming) (0.71); RNA (0.49); Computational biology (0.37),,Nature Biotechnology
operating systems,2020,16,https://openalex.org/W3002362821,Identifying and removing haplotypic duplication in primary genome assemblies,Dengfeng Guan; Shane McCarthy; Jonathan Wood,Computer science (0.68); Purge (0.67); Source code (0.55),Supplementary data are available at Bioinformatics online.,Bioinformatics
operating systems,2020,17,https://openalex.org/W3043135743,Reporting animal research: Explanation and elaboration for the ARRIVE guidelines 2.0,Nathalie Percie du Sert; Amrita Ahluwalia; Sabina Alam,Elaboration (0.84); Transparency (behavior) (0.68); Process (computing) (0.54),Improving the reproducibility of biomedical research is a major challenge. Transparent and accurate reporting is vital to this process; it allows readers to assess the reliability of the findings and repeat or build upon the work of other researchers. The ARRIVE guidelines (Animal Research: Reportin...,PLoS Biology
operating systems,2020,18,https://openalex.org/W3013215798,Quantifying SARS-CoV-2 transmission suggests epidemic control with digital contact tracing,Luca Ferretti; Chris Wymant; Michelle Kendall,Contact tracing (0.95); Transmission (telecommunications) (0.70); Epidemic control (0.62),The newly emergent human virus SARS-CoV-2 (severe acute respiratory syndrome-coronavirus 2) is resulting in high fatality rates and incapacitated health systems. Preventing further transmission is a priority. We analyzed key parameters of epidemic spread to estimate the contribution of different tra...,Science
operating systems,2020,19,https://openalex.org/W3015788359,UNet 3+: A Full-Scale Connected UNet for Medical Image Segmentation,Huimin Huang; Lanfen Lin; Ruofeng Tong,Computer science (0.81); Segmentation (0.79); Artificial intelligence (0.62),"Recently, a growing interest has been seen in deep learning-based semantic segmentation. UNet, which is one of deep learning networks with an encoder-decoder architecture, is widely used in medical image segmentation. Combining multi-scale features is one of important factors for accurate segmentati...",
operating systems,2020,20,https://openalex.org/W3034942609,Generalizing from a Few Examples,Yaqing Wang; Quanming Yao; James T. Kwok,Computer science (0.85); Categorization (0.65); Machine learning (0.60),"Machine learning has been highly successful in data-intensive applications but is often hampered when the data set is small. Recently, Few-shot Learning (FSL) is proposed to tackle this problem. Using prior knowledge, FSL can rapidly generalize to new tasks containing only a few samples with supervi...",ACM Computing Surveys
operating systems,2020,21,https://openalex.org/W3012094285,GenomeScope 2.0 and Smudgeplot for reference-free profiling of polyploid genomes,T. Rhyker Ranallo-Benavidez; Kamil S. Jaroň; Michael C. Schatz,Polyploid (0.85); Genome (0.85); Ploidy (0.62),"An important assessment prior to genome assembly and related analyses is genome profiling, where the k-mer frequencies within raw sequencing reads are analyzed to estimate major genome characteristics such as size, heterozygosity, and repetitiveness. Here we introduce GenomeScope 2.0 (https://github...",Nature Communications
operating systems,2020,22,https://openalex.org/W3007075333,BlobToolKit – Interactive Quality Assessment of Genome Assemblies,Richard Challis; E. G. Richards; Jeena Rajan,Genome (0.62); Computer science (0.57); Pipeline (software) (0.51),"Reconstruction of target genomes from sequence data produced by instruments that are agnostic as to the species-of-origin may be confounded by contaminant DNA. Whether introduced during sample processing or through co-extraction alongside the target DNA, if insufficient care is taken during the asse...",G3 Genes Genomes Genetics
operating systems,2020,23,https://openalex.org/W3085749548,Online teaching-learning in higher education during lockdown period of COVID-19 pandemic,Lokanath Mishra; Tushar Gupta; Abha Shree,Pandemic (0.54); Globe (0.48); Mathematics education (0.47),The whole educational system from elementary to tertiary level has been collapsed during the lockdown period of the novel coronavirus disease 2019 (COVID-19) not only in India but across the globe. This study is a portrayal of online teaching-learning modes adopted by the Mizoram University for the ...,International Journal of Educational Research Open
operating systems,2020,24,https://openalex.org/W3035423599,The art of writing literature review: What do we know and what do we need to know?,Justin Paul; Alex Rialp,Systematic review (0.69); Foundation (evidence) (0.57); Theme (computing) (0.56),,International Business Review
operating systems,2020,25,https://openalex.org/W3035160371,Self-Training With Noisy Student Improves ImageNet Classification,Qizhe Xie; Minh-Thang Luong; Eduard Hovy,Robustness (evolution) (0.80); Computer science (0.70); Artificial intelligence (0.58),"We present a simple self-training method that achieves 88.4% top-1 accuracy on ImageNet, which is 2.0% better than the state-of-the-art model that requires 3.5B weakly labeled Instagram images. On robustness test sets, it improves ImageNet-A top-1 accuracy from 61.0% to 83.7%, reduces ImageNet-C mea...",
operating systems,2020,26,https://openalex.org/W3006234984,Automated exploration of the low-energy chemical space with fast quantum chemical methods,Philipp Pracht; Fabian Bohle; Stefan Grimme,Chemical space (0.82); Quantum chemical (0.81); Space (punctuation) (0.63),We propose and discuss an efficient scheme for the in silico sampling for parts of the molecular chemical space by semiempirical tight-binding methods combined with a meta-dynamics driven search algorithm. The focus of this work is set on the generation of proper thermodynamic ensembles at a quantum...,Physical Chemistry Chemical Physics
operating systems,2020,27,https://openalex.org/W3015468748,Longformer: The Long-Document Transformer,Iz Beltagy; Matthew E. Peters; Arman Cohan,Automatic summarization (0.83); Transformer (0.82); Computer science (0.77),"Transformer-based models are unable to process long sequences due to their self-attention operation, which scales quadratically with the sequence length. To address this limitation, we introduce the Longformer with an attention mechanism that scales linearly with sequence length, making it easy to p...",arXiv (Cornell University)
operating systems,2020,28,https://openalex.org/W3035396860,Bridging the Gap Between Anchor-Based and Anchor-Free Detection via Adaptive Training Sample Selection,Shifeng Zhang; Cheng Chi; Yongqiang Yao,Detector (0.77); Computer science (0.76); Bridging (networking) (0.71),"Object detection has been dominated by anchor-based detectors for several years. Recently, anchor-free detectors have become popular due to the proposal of FPN and Focal Loss. In this paper, we first point out that the essential difference between anchor-based and anchor-free detection is actually h...",
operating systems,2020,29,https://openalex.org/W3034933627,"Adsorption isotherm models: Classification, physical meaning, application and solving method",Jianlong Wang; Xuan Guo,Adsorption (0.90); Thermodynamics (0.60); Sorption isotherm (0.57),,Chemosphere
operating systems,2020,30,https://openalex.org/W3003821665,Fully hardware-implemented memristor convolutional neural network,Peng Yao; Huaqiang Wu; Bin Gao,Memristor (0.92); Neuromorphic engineering (0.82); Computer science (0.76),,Nature
operating systems,2020,31,https://openalex.org/W3012041784,Characterising the Digital Twin: A systematic literature review,David Jones; Chris Snider; Aydin Nassehi,Terminology (0.69); Computer science (0.52); Data science (0.45),"While there has been a recent growth of interest in the Digital Twin, a variety of definitions employed across industry and academia remain. There is a need to consolidate research such to maintain a common understanding of the topic and ensure future research efforts are to be based on solid founda...",CIRP journal of manufacturing science and technology
operating systems,2020,32,https://openalex.org/W3011830499,Toward 6G Networks: Use Cases and Technologies,Marco Giordani; Michele Polese; Marco Mezzavilla,Computer science (0.83); Wireless (0.57); Cloud computing (0.55),"Reliable data connectivity is vital for the ever increasingly intelligent, automated, and ubiquitous digital world. Mobile networks are the data highways and, in a fully connected, intelligent digital world, will need to connect everything, including people to vehicles, sensors, data, cloud resource...",IEEE Communications Magazine
operating systems,2020,33,https://openalex.org/W3013080934,Memory devices and applications for in-memory computing,Abu Sebastian; Manuel Le Gallo; Riduan Khaddam-Aljameh,In-Memory Processing (0.82); Computer science (0.81); Von Neumann architecture (0.73),,Nature Nanotechnology
operating systems,2020,34,https://openalex.org/W3007268491,ResUNet-a: A deep learning framework for semantic segmentation of remotely sensed data,Foivos I. Diakogiannis; François Waldner; Peter Caccetta,Computer science (0.81); Segmentation (0.77); Artificial intelligence (0.70),,ISPRS Journal of Photogrammetry and Remote Sensing
operating systems,2020,35,https://openalex.org/W3016932526,Q<scp>uantum</scp> ESPRESSO toward the exascale,Paolo Giannozzi; Oscar Baseggio; Pietro Bonfà,Exascale computing (0.71); Computer science (0.63); Massively parallel (0.62),"Quantum ESPRESSO is an open-source distribution of computer codes for quantum-mechanical materials modeling, based on density-functional theory, pseudopotentials, and plane waves, and renowned for its performance on a wide range of hardware architectures, from laptops to massively parallel computers...",The Journal of Chemical Physics
operating systems,2020,36,https://openalex.org/W2999175750,"Using MicrobiomeAnalyst for comprehensive statistical, functional, and meta-analysis of microbiome data",Jasmine Chong; Peng Liu; Guangyan Zhou,Profiling (computer programming) (0.77); Computer science (0.72); Microbiome (0.70),,Nature Protocols
operating systems,2020,37,https://openalex.org/W2964383261,The Rise of Market Power and the Macroeconomic Implications*,Jan De Loecker; Jan Eeckhout; Gabriel Unger,Economics (0.80); Market power (0.66); Dynamism (0.59),"Abstract We document the evolution of market power based on firm-level data for the U.S. economy since 1955. We measure both markups and profitability. In 1980, aggregate markups start to rise from 21% above marginal cost to 61% now. The increase is driven mainly by the upper tail of the markup dist...",The Quarterly Journal of Economics
operating systems,2020,38,https://openalex.org/W2998500935,Causes of Higher Climate Sensitivity in CMIP6 Models,Mark D. Zelinka; Timothy A. Myers; Daniel T. McCoy,Coupled model intercomparison project (0.80); Extratropical cyclone (0.78); Climate sensitivity (0.77),"Abstract Equilibrium climate sensitivity, the global surface temperature response to CO doubling, has been persistently uncertain. Recent consensus places it likely within 1.5–4.5 K. Global climate models (GCMs), which attempt to represent all relevant physical processes, provide the most direct mea...",Geophysical Research Letters
operating systems,2020,39,https://openalex.org/W3015438624,The HDOCK server for integrated protein–protein docking,Yumeng Yan; Huanyu Tao; Jiahua He,Docking (animal) (0.91); Macromolecular docking (0.68); Protein–ligand docking (0.66),,Nature Protocols
operating systems,2020,40,https://openalex.org/W1975534106,Geographic Information Systems,,Geographic information system (0.73); Computer science (0.64); GIS and public health (0.57),"The chapter presents the geographic information systems. A geographic information system (GIS) is a computer system that allows various sources to gather and organize, manage, analyze and combine, develop, and present geographically located information contributing in particular to the management fr...",Advances in public policy and administration (APPA) book series
operating systems,2020,41,https://openalex.org/W3001554335,"Scopus as a curated, high-quality bibliometric data source for academic research in quantitative science studies",Jeroen Baas; Michiel Schotten; Andrew Plume,Scopus (0.92); Bibliometrics (0.59); Metadata (0.59),"Scopus is among the largest curated abstract and citation databases, with a wide global and regional coverage of scientific journals, conference proceedings, and books, while ensuring only the highest quality data are indexed through rigorous content selection and re-evaluation by an independent Con...",Quantitative Science Studies
operating systems,2020,42,https://openalex.org/W3012846954,Profiling Early Humoral Response to Diagnose Novel Coronavirus Disease (COVID-19),Li Guo; Lili Ren; Siyuan Yang,Coronavirus disease 2019 (COVID-19) (0.81); Profiling (computer programming) (0.64); 2019-20 coronavirus outbreak (0.64),"The humoral response to SARS-CoV-2 can aid in the diagnosis of COVID-19, including subclinical cases.",Clinical Infectious Diseases
operating systems,2020,43,https://openalex.org/W3109793392,Fibrosis: from mechanisms to medicines,Neil C. Henderson; Florian Rieder; Thomas A. Wynn,Fibrosis (0.67); Translational research (0.49); Transformative learning (0.48),,Nature
operating systems,2020,44,https://openalex.org/W3041494167,Deep immune profiling of COVID-19 patients reveals distinct immunotypes with therapeutic implications,Divij Mathew; Josephine R. Giles; Amy E. Baxter,Coronavirus disease 2019 (COVID-19) (0.79); Profiling (computer programming) (0.66); Severe acute respiratory syndrome coronavirus 2 (SARS-CoV-2) (0.64),"Immune profiling of COVID-19 patients Coronavirus disease 2019 (COVID-19) has affected millions of people globally, yet how the human immune system responds to and influences COVID-19 severity remains unclear. Mathew et al. present a comprehensive atlas of immune modulation associated with COVID-19....",Science
operating systems,2020,45,https://openalex.org/W3003667836,"Digital Twin: Values, Challenges and Enablers From a Modeling Perspective",Adil Rasheed; Omer San; Trond Kvamsdal,Computer science (0.76); Data science (0.55); Big data (0.53),"Digital twin can be defined as a virtual representation of a physical asset enabled through data and simulators for real-time prediction, optimization, monitoring, controlling, and improved decision making. Recent advances in computational pipelines, multiphysics solvers, artificial intelligence, bi...",IEEE Access
operating systems,2020,46,https://openalex.org/W3015163167,CINeMA: An approach for assessing confidence in the results of a network meta-analysis,Adriani Nikolakopoulou; Julian P. T. Higgins; Theodoros Papakonstantinou,Meta-analysis (0.72); Movie theater (0.67); Credibility (0.64),"Via 3 examples, we show that CINeMA improves transparency and avoids the selective use of evidence when forming judgments, thus limiting subjectivity in the process. CINeMA is easy to apply even in large and complicated networks.",PLoS Medicine
operating systems,2020,47,https://openalex.org/W3092664098,ASAP: assemble species by automatic partitioning,Nicolas Puillandre; Sophie Brouillet; Guillaume Achaz,Coalescent theory (0.76); Barcode (0.73); Biology (0.65),"Here, we describe Assemble Species by Automatic Partitioning (ASAP), a new method to build species partitions from single locus sequence alignments (i.e., barcode data sets). ASAP is efficient enough to split data sets as large 10<sup>4</sup> sequences into putative species in several minutes. Altho...",Molecular Ecology Resources
operating systems,2020,48,https://openalex.org/W2997848713,GMAN: A Graph Multi-Attention Network for Traffic Prediction,Chuanpan Zheng; Xiaoliang Fan; Cheng Wang,Computer science (0.81); Encoder (0.76); Graph (0.55),"Long-term traffic prediction is highly challenging due to the complexity of traffic systems and the constantly changing nature of many impacting factors. In this paper, we focus on the spatio-temporal factors, and propose a graph multi-attention network (GMAN) to predict traffic conditions for time ...",Proceedings of the AAAI Conference on Artificial Intelligence
operating systems,2020,49,https://openalex.org/W3034713808,Celeb-DF: A Large-Scale Challenging Dataset for DeepFake Forensics,Yuezun Li; Xin Yang; Pu Sun,Computer science (0.80); Trustworthiness (0.69); Scale (ratio) (0.60),"AI-synthesized face-swapping videos, commonly known as DeepFakes, is an emerging problem threatening the trustworthiness of online information. The need to develop and evaluate DeepFake detection algorithms calls for datasets of DeepFake videos. However, current DeepFake datasets suffer from low vis...",
operating systems,2020,50,https://openalex.org/W3081879483,The contribution of global aviation to anthropogenic climate forcing for 2000 to 2018,David S. Lee; D. W. Fahey; Agnieszka Skowron,Radiative forcing (0.86); Cirrus (0.82); Environmental science (0.70),"Global aviation operations contribute to anthropogenic climate change via a complex set of processes that lead to a net surface warming. Of importance are aviation emissions of carbon dioxide (CO<sub>2</sub>), nitrogen oxides (NO<sub>x</sub>), water vapor, soot and sulfate aerosols, and increased cl...",Atmospheric Environment
compilers,1975,1,https://openalex.org/W2166780994,The programming language Concurrent Pascal,Per Brinch Hansen,Computer science (0.89); Programming language (0.85); Pascal (unit) (0.73),Describes a new programming language for structured programming of computer operating systems. It extends the sequential programming language Pascal with concurrent programming tools called processes and monitors. Section I explains these concepts informally by means of pictures illustrating a hiera...,IEEE Transactions on Software Engineering
compilers,1975,2,https://openalex.org/W2118252041,Programming-in-the large versus programming-in-the-small,Frank DeRemer; Hans H. Kron,Computer science (0.91); Programming language (0.78); Compiler (0.74),"We distinguish the activity of writing large programs from that of writing small ones. By large programs we mean systems consisting of many small programs (modules), possibly written by different people. We need languages for programming-in-the-small, i.e. languages not unlike the common programming...",ACM SIGPLAN Notices
compilers,1975,3,https://openalex.org/W1995258570,Iterative enhancement: A practical technique for software development,Victor R. Basil; Albert J. Turner,Computer science (0.85); Compiler (0.67); Implementation (0.57),"This paper recommends the iterative enhancement' technique as a practical means of using a top-down, stepwise refinement approach to software development. This technique begins with a simple initial implementation of a property chosen (skeletal) subproject which is followed by the gradual enhancemen...",IEEE Transactions on Software Engineering
compilers,1975,4,https://openalex.org/W1510165340,Programming Languages: Design and Implementation,Terrence W. Pratt,Programming language (0.88); Computer science (0.82); Compiler (0.57),"From the Publisher:
Exceptionally comprehensive in approach, this book explores the major issues in both design and implementation of modern programming languages and provides a basic introduction to the underlying theoretical models on which these languages are based. The emphasis throughout is on...",CERN Document Server (European Organization for Nuclear Research)
compilers,1975,5,https://openalex.org/W2056304107,Complete Register Allocation Problems,Ravi Sethi,Register allocation (0.94); Computer science (0.75); Compiler (0.66),"The search for efficient register allocation algorithms dates back to the time of the first FORTRAN compiler for the IBM 704. The model we use in this paper is a single processor with an arbitrarily large number of general registers. The objective is to use as few registers as possible, under the,co...",SIAM Journal on Computing
compilers,1975,6,https://openalex.org/W2145343598,INGRES,Gerald Held; Michael Stonebraker; Eugene Wong,Unix (0.90); Computer science (0.86); Unix architecture (0.76),INGRES (Interactive Graphics and Retrieval System) is a relational data base and graphics system which is being implemented on a PDP-11/40 based hardware configuration at Berkeley. INGRES runs as a normal user job on top of the UNIX operating system developed at the Bell Telephone Laboratories. The ...,
compilers,1975,7,https://openalex.org/W2063013240,A system for typesetting mathematics,Brian W. Kernighan; Lorinda L. Cherry,Compiler (0.83); Computer science (0.82); Programming language (0.69),"This paper describes the design and implementation of a system for typesetting mathematics. The language has been designed to be easy to learn and to use by people (for example, secretaries and mathematical typists) who know neither mathematics nor typesetting. Experience indicates that the language...",Communications of the ACM
compilers,1975,8,https://openalex.org/W2143560013,Short titles of Old English texts,Bruce Mitchell; Christopher Ball; Angus Cameron,Old English (0.70); Poetry (0.66); Syntax (0.62),"This is the list referred to by Helmut Gneuss in his ‘Guide to the Editing and Preparation of Texts for the Dictionary of Old English’, A. Plan for the Dictionary of Old English , ed. R. Frank and A. Cameron (Toronto, 1973), pp. 9–23. The list has been prepared for use in The Dictionary of Old Engli...",Anglo-Saxon England
compilers,1975,9,https://openalex.org/W2090738136,Alternating semantic evaluator,Mehdi Jazayeri; Kenneth G. Walter,L-attributed grammar (0.88); Computer science (0.82); Programming language (0.79),"In order to make the use of attribute grammars practical in (automatic) compiler generation, restricted attribute grammars are introduced. A membership test is given which determines whether a given attribute grammar satisfies the required restrictions. The major advantage of the restricted attribut...",
compilers,1975,10,https://openalex.org/W2003008491,Step‐Drawdown Test Analysis by Computer,John W. Labadie; Otto J. Helweg,Fortran (0.83); Drawdown (hydrology) (0.82); Listing (finance) (0.76),"ABSTRACT Many geohydrologists believe that the step‐drawdown test is useful in determining many important characteristics of a well, whereas others altogether question its utility. In addition to this controversy, its application is hindered because the graphical analysis of data is unwieldy. A comp...",Ground Water
compilers,1975,11,https://openalex.org/W2047053144,Computer time and memory requirements for DP and DDDP in water resource systems analysis,Ven Te Chow; David R. Maidment; George W. Tauxe,Computer science (0.69); Computer memory (0.62); Memory address (0.56),"The computer time required for a water resource optimization problem by dynamic programing (DP) or discrete differential dynamic programing (DDDP) may be considered as the sum of the compiling time for programing language translation, the initiating time for the program, and the execution time T E ....",Water Resources Research
compilers,1975,12,https://openalex.org/W1990364537,Nuclear data sheets for A = 65,R.L. Auble,Nuclear data (0.86); Data file (0.69); Computer science (0.67),,Nuclear Data Sheets
compilers,1975,13,https://openalex.org/W1580627069,Mathematical semantics and compiler generation,Peter D. Mosses,Compiler (0.74); Programming language (0.72); Computer science (0.67),"The method of giving the mathematical (or denotational) semantics of a programming language, as developed by Dana Scott and Christopher Strachey, is taken as a starting-point.The main work is towards a general and portable compiler-generator system, which generates a compiler for any programming lan...",Oxford University Research Archive (ORA) (University of Oxford)
compilers,1975,14,https://openalex.org/W4298295268,The Programming Language Concurrent Pascal,Per Brinch Hansen,Programming language (0.85); Computer science (0.84); Pascal (unit) (0.78),,
compilers,1975,15,https://openalex.org/W2074830943,Fortran for the Texas Instruments ASC system,Dorothy Wedel,Fortran (0.91); Compiler (0.88); Computer science (0.81),The ASC Fortran compiler and the methods of optimizing the execution times of compiled programs are described. Language extensions and compiler organization are briefly outlined. Traditional scalar optimization techniques and techniques to detect and generate vector operations from ANS standard Fort...,ACM SIGPLAN Notices
compilers,1975,16,https://openalex.org/W2082833978,Nuclear data sheets for A = 67,R.L. Auble,Nuclear data (0.84); Computer science (0.69); Data file (0.64),,Nuclear Data Sheets
compilers,1975,17,https://openalex.org/W1603358947,Syntax-Directed Description of Incremental Compilers,Hans Jürgen Schneider,Computer science (0.86); Compiler (0.75); Programming language (0.74),,Lecture notes in computer science
compilers,1975,18,https://openalex.org/W2079156168,Nuclear data sheets for A = 79,Paul Peter Urone; D.C. Kocher,Physics (0.66); Excited state (0.64); Ground state (0.56),,Nuclear Data Sheets
compilers,1975,19,https://openalex.org/W1980890556,Nuclear Data Sheets for A = 75,D. J. Horen; M.B. Lewis,Nuclear data (0.89); Data file (0.61); Computer science (0.58),,Nuclear Data Sheets
compilers,1975,20,https://openalex.org/W2001415073,Nuclear data sheets for A = 66,R.L. Auble,Nuclear data (0.84); Computer science (0.66); Data file (0.66),,Nuclear Data Sheets
compilers,1975,21,https://openalex.org/W2080324741,A transportable extendable compiler,Victor R. Basili; Albert J. Turner,Compiler (0.93); Computer science (0.80); Programming language (0.74),"Abstract This report describes the development of a transportable extendable self‐compiler for the language SIMPL‐T. SIMPL‐T is designed as the base language for a family of languages. The structure of the SIMPL‐T compiler and its transportable bootstrap are described. In addition, the procedures fo...",Software Practice and Experience
compilers,1975,22,https://openalex.org/W1499708355,An Approach to Global Register Allocation,Richard K. Johnsson,Register allocation (0.84); Register (sociolinguistics) (0.82); Computer science (0.47),Abstract : The thesis presents an approach to the problem of global register allocation as performed by an optimizing compiler. The problem considered is actually the more general one of choosing what physical resource within the target machine will be used to hold the results of various computation...,
compilers,1975,23,https://openalex.org/W2047911974,The Paralyzer,David Presberg,Computer science (0.91); Compiler (0.76); Parallel computing (0.74),"The ILLIAC IV Fortran compiler's Parallelism Analyzer and Synthesizer (mnemonicized as the Paralyzer) detects computations in Fortran DO loops which can be performed in parallel. It is a step of the compiling process which lies between source language parsing and target code generation, and as such ...",ACM SIGPLAN Notices
compilers,1975,24,https://openalex.org/W2167730184,Application of the optimization program AOP to the design of memory circuits,Gary D. Hachtel; Michael Lightner; H. P. Kelly,Computer science (0.78); Computation (0.50); Sensitivity (control systems) (0.49),"The memory cycle time of an IGFET read-only memory cell is designed using AOP, a program for automated and interactive optimization of electrical networks. It is shown how AOP allows the user to specify multiple performance objectives and to request analysis, and/or adjoint sensitivity computation, ...",IEEE Transactions on Circuits and Systems
compilers,1975,25,https://openalex.org/W2027649264,The Influence of the Compiler on the Cost of Mathematical Software—in Particular on the Cost of Triangular Factorization,Beresford Ν. Parlett; Y. Wang,Citation (0.82); Compiler (0.81); Computer science (0.73),"article The Influence of the Compiler on the Cost of Mathematical Software—in Particular on the Cost of Triangular Factorization Share on Authors: B. N. Parlett Computer Science Division, University of California, Berkeley CA Computer Science Division, University of California, Berkeley CAView Profi...",ACM Transactions on Mathematical Software
compilers,1975,26,https://openalex.org/W2090276525,The ILLIAC IV FORTRAN compiler,Robert E. Millstein; Charles A. Muntz,Fortran (0.90); Computer science (0.87); Programming language (0.80),This paper provides a basic description of a FORTRAN system for the ILLIAC IV. In this context “FORTRAN system” means exactly what one would expect — a user familiar with a different system will find no major surprises when he uses ILLIAC FORTRAN. The language is the same — a dialect of ANSI standar...,ACM SIGPLAN Notices
compilers,1975,27,https://openalex.org/W1986451646,A parallel approach to code generation for Fortran like compilers,Howard E. Krohn,Computer science (0.87); Fortran (0.78); Programming language (0.76),It has been shown by Lincoln and others that vector operations can be used to perform lexical analysis of FORTRAN source code. This paper presents techniques for code generation using parallel programming methods developed on the CDC STAR-100. Methods are presented for handling arithmetic assignment...,ACM SIGPLAN Notices
compilers,1975,28,https://openalex.org/W1982910157,Program optimization - theory and practice,David B. Loveman; Ross A. Faneuf,Computer science (0.86); Fortran (0.77); Compiler (0.72),"The conventional program optimization techniques employed by the ILLIAC FORTRAN compiler are general purpose, effective, and efficient. The underlying theory is applicable to FORTRAN and to other high level languages. A unique approach to the gathering of global set and use information about variabl...",ACM SIGPLAN Notices
compilers,1975,29,https://openalex.org/W1578467903,A Portable Compiler for the Language C,Alan Snyder,Computer science (0.86); Compiler (0.78); Machine code (0.78),This paper describes the implementation of a compiler for the language C. The compiler has been designed to be able to be capable of producing assembly-language code for most register-oriented machines with only minor recoding.,
compilers,1975,30,https://openalex.org/W2012910134,On the need for fewer restrictions in changing compile-time environments,David Lorge Parnas; John E. Shore; W. David Elliott,Computer science (0.90); Compiler (0.85); Compile time (0.79),"Compilers for current programming languages enforce rigid restrictions on changes, during the compilation of a statement, in the set of associations between names and declarations, that is, on changes in the compile-time environment of the statement. These restrictions inhibit the writing of well-st...",ACM SIGPLAN Notices
compilers,1975,31,https://openalex.org/W1557486623,Machine-independent generation of optimal local code.,Joseph M. Newcomer,Programming language (0.83); Computer science (0.82); Compiler (0.82),"Abstract : There has been extensive research into the automatic generation of compilers. Much of this has concentrated on the issues of syntax and semantics, while little has been done on the problems of code generation. This thesis represents one approach to the latter problem. A model of a compile...",
compilers,1975,32,https://openalex.org/W2057141553,Lexical analysis and parsing techniques for a vector machine,Michael K. Donegan; Stuart W. Kartzke,Computer science (0.91); Parsing (0.79); Compiler (0.68),The use of vector oriented hardware for compilation places a special burden on the compiler writer to make use of vector operations whenever possible. This paper presents various techniques for lexical analysis and parsing using the CDC STAR-100 instruction set. Although the similarity between APL a...,ACM SIGPLAN Notices
compilers,1975,33,https://openalex.org/W2073896195,An approach to compiler correctness,Laurian M. Chirica; David F. Martin,Computer science (0.90); Correctness (0.86); Compiler (0.82),"This paper is a preliminary report on an experiment in applying Floyd's method of inductive assertions to the compiler correctness problem. Practical postfix translators are considered, and the semantics of source and object languages are characterized by Floyd verification conditions. Compiler corr...",ACM SIGPLAN Notices
compilers,1975,34,https://openalex.org/W2015990401,Vector extensions to LRLTRAN,Richard G. Zwakenberg,Computer science (0.91); Programming language (0.74); Operand (0.68),The CDC STAR-100 brings a new concept in computing to LLL. The STAR is a string(vector) - oriented machine that is most efficient when it performs the same operations on sequentially stored operands. This approach to computer design opens up new areas of problem-solving techniques. Some algorithms t...,ACM SIGPLAN Notices
compilers,1975,35,https://openalex.org/W1981392712,The purpose of concurrent Pascal,Per Brinch Hansen,Pascal (unit) (0.90); Computer science (0.85); Programming language (0.79),"This is the first of three papers that describe a new programming language for structured programming of computer operating systems [1, 2, 3]. It extends the sequential programming language Pascal with concurrent programming tools called processes and monitors. These concepts are explained informall...",ACM SIGPLAN Notices
compilers,1975,36,https://openalex.org/W2011042950,Proving a compiler correct: A simple approach,G. Germano; A. Maggiolo‐Schettini,Compiler (0.81); Computer science (0.80); Programming language (0.75),,Journal of Computer and System Sciences
compilers,1975,37,https://openalex.org/W294272257,Architecture of Stack Machines,Robert W. Doran,Computer science (0.77); Stack (abstract data type) (0.76); Call stack (0.74),,Elsevier eBooks
compilers,1975,38,https://openalex.org/W1986652849,Removal of invariant statements from nested-loops in a single effective compiler pass,D. Neel; M. Amirchahy,Computer science (0.88); Compiler (0.80); Invariant (physics) (0.59),This document presents how one of the most important optimizations that a program may undergo is dealt with by means of attributes [7]. A semantic formalization of the classical method which consists of removing all loop-independent statements from the articulation blocks of a loop is given. The met...,ACM SIGPLAN Notices
compilers,1975,39,https://openalex.org/W1495679304,Conceptual Design of a Direct High-Level Language Processor,Howard Bloom,Computer science (0.83); Programmer (0.73); Programming language (0.71),,Elsevier eBooks
compilers,1975,40,https://openalex.org/W893476689,FILES: Automated Engineering Data Management System,Leonard A. Lopez,Computer science (0.78); Compiler (0.69); Data management (0.58),One approach to engineering data base management has been presented herein. The problem is a complex one and has no apparent correct or incorrect solution. Various techniques have been tried by other investigators. Each generation brings new ideas and hopefully better approaches to engineering data ...,Journal of the Structural Division
compilers,1975,41,https://openalex.org/W630731827,An introduction to compiler writing,J. S. Rohl,Compiler (0.72); Computer science (0.62); Programming language (0.59),,
compilers,1975,42,https://openalex.org/W2010102173,Biomac: Block structured programming using PDP‐11 assembler language,G. S. Herman‐Giddens; Robert Warren; R. C. Barr,Macro (0.91); Computer science (0.84); Subroutine (0.75),Abstract Users of small computers must often program in assembler language. Macros are described which assist in the construction of block structured programs in assembler language. The macros are used in practical day‐to‐day programming in a cardiac electrophysiology laboratory in which the coarse ...,Software Practice and Experience
compilers,1975,43,https://openalex.org/W4245202685,Syntax-directed description of incremental compilers,Hans Jürgen Schneider,Computer science (0.92); Programming language (0.83); Compiler (0.75),,Lecture notes in computer science
compilers,1975,44,https://openalex.org/W107200132,The SIMPL Family of Programming Languages and Compilers.,Victor R. Basili,Programming language (0.77); Computer science (0.74); Compiler (0.70),,Workshop on Graph-Theoretic Concepts in Computer Science
compilers,1975,45,https://openalex.org/W2028553829,A language design for vector machines,Victor R. Basili; John Knight,Computer science (0.79); Compiler (0.76); Programming language (0.64),"This paper deals with a programming language under development at NASA's Langley Research Center for the CDC STAR-100. The design goals for the language are that it be basic in design and able to be extended as deemed necessary to serve the user community, capable of the expression of efficient algo...",ACM SIGPLAN Notices
compilers,1975,46,https://openalex.org/W2615950992,Lexical analysis and parsing techniques for a vector machine,Michael K. Donegan; Stuart W. Kartzke,Computer science (0.85); Parsing (0.83); Compiler (0.70),The use of vector oriented hardware for compilation places a special burden on the compiler writer to make use of vector operations whenever possible. This paper presents various techniques for lexical analysis and parsing using the CDC STAR-100 instruction set. Although the similarity between APL a...,
compilers,1975,47,https://openalex.org/W4231813175,PATIWEN— a code for coulomb-nuclear interference calculations,Da Hsuan Feng; A.R. Barnett,Fortran (0.81); Compiler (0.78); Computer science (0.74),,Computer Physics Communications
compilers,1975,48,https://openalex.org/W2053153504,A theorem about automatic programming,Peter Kugel,Computer science (0.77); Debugging (0.76); Programming language (0.72),"An automatic programming system is a system (usually a programmed computer) that generates a program from partial information about that program (Figure 1). Looked at in this general way, automatic programming systems are hardly new. Assemblers are automatic programming systems. So are compilers, de...",ACM SIGART Bulletin
compilers,1975,49,https://openalex.org/W1510752621,Parsing as a subtask of compiling,Jaroslav Král; Jiří Demner,Computer science (0.89); Parsing (0.86); Programming language (0.57),,Lecture notes in computer science
compilers,1975,50,https://openalex.org/W1966759408,Building a programming language for a small computer: Reinventing the wheel,Gordon F. Pitz,Computer science (0.84); Programming language (0.84); Interpreter (0.83),,Behavior Research Methods
compilers,2020,1,https://openalex.org/W1536051636,Optimizing supercompilers for supercomputers,Michael Wolfe,Compiler (0.91); Computer science (0.90); Software portability (0.85),"Between a problem statement and its solution as a computer simulation are several steps, from choosing a method, writing a program, compiling to machine code, making runtime decisions, and hardware execution. Here we will look at the middle three decision points. What decisions should be and must be...",
compilers,2020,2,https://openalex.org/W3013348036,t|ket⟩: a retargetable compiler for NISQ devices,Seyon Sivarajah; Silas Dilkes; Alexander Cowtan,Compiler (0.86); Computer science (0.85); Optimizing compiler (0.54),"Abstract We present t | ket ⟩, a quantum software development platform produced by Cambridge Quantum Computing Ltd. The heart of t | ket ⟩ is a language-agnostic optimising compiler designed to generate code for a variety of NISQ devices, which has several features designed to minimise the influence...",Quantum Science and Technology
compilers,2020,3,https://openalex.org/W3104914200,t|ket> : A retargetable compiler for NISQ devices,Seyon Sivarajah; Silas Dilkes; Alexander Cowtan,Compiler (0.93); Computer science (0.82); Software (0.53),"We present t|ket>, a quantum software development platform produced by Cambridge Quantum Computing Ltd. The heart of t|ket> is a language-agnostic optimising compiler designed to generate code for a variety of NISQ devices, which has several features designed to minimise the influence of device erro...",Strathprints: The University of Strathclyde institutional repository (University of Strathclyde)
compilers,2020,4,https://openalex.org/W3040573126,GShard: Scaling Giant Models with Conditional Computation and Automatic Sharding,Dmitry Lepikhin; HyoukJoong Lee; Yuanzhong Xu,Computer science (0.84); Computation (0.67); Compiler (0.63),"Neural network scaling has been critical for improving the model quality in many real-world machine learning applications with vast amounts of training data and compute. Although this trend of scaling is affirmed to be a sure-fire approach for better model quality, there are challenges on the path s...",arXiv (Cornell University)
compilers,2020,5,https://openalex.org/W3011196476,Fast Packet Processing with eBPF and XDP,Marcos A. M. Vieira; Matheus S. Castanho; Racyus D. G. Pacífico,Computer science (0.92); Linux kernel (0.66); Packet processing (0.66),"Extended Berkeley Packet Filter (eBPF) is an instruction set and an execution environment inside the Linux kernel. It enables modification, interaction, and kernel programmability at runtime. eBPF can be used to program the eXpress Data Path (XDP), a kernel network layer that processes packets close...",ACM Computing Surveys
compilers,2020,6,https://openalex.org/W2990120385,Transparent SNARKs from DARK Compilers,Benedikt Bünz; Ben Fisch; Alan Szepieniec,Computer science (0.74); Gas meter prover (0.65); Compiler (0.57),,Lecture notes in computer science
compilers,2020,7,https://openalex.org/W3015844221,LVI: Hijacking Transient Execution through Microarchitectural Load Value Injection,Jo Van Bulck; Daniel Moghimi; Michael Schwarz,Computer science (0.81); Microarchitecture (0.72); x86 (0.58),"The recent Spectre attack first showed how to inject incorrect branch targets into a victim domain by poisoning microarchitectural branch prediction history. In this paper, we generalize injection-based methodologies to the memory hierarchy by directly injecting incorrect, attacker-controlled values...",
compilers,2020,8,https://openalex.org/W3007855180,A Survey of Compiler Testing,Junjie Chen; Jibesh Patra; Michael Pradel,Compiler (0.93); Computer science (0.88); Compiler correctness (0.87),"Virtually any software running on a computer has been processed by a compiler or a compiler-like tool. Because compilers are such a crucial piece of infrastructure for building software, their correctness is of paramount importance. To validate and increase the correctness of compilers, significant ...",ACM Computing Surveys
compilers,2020,9,https://openalex.org/W3004659153,The Deep Learning Compiler: A Comprehensive Survey,Mingzhen Li; Yi Liu; Xiaoyan Liu,Compiler (0.92); Computer science (0.80); Deep learning (0.79),"The difficulty of deploying various deep learning (DL) models on diverse DL hardware has boosted the research and development of DL compilers in the community. Several DL compilers have been proposed from both industry and academia such as Tensorflow XLA and TVM. Similarly, the DL compilers take the...",IEEE Transactions on Parallel and Distributed Systems
compilers,2020,10,https://openalex.org/W4288083528,Interstellar,Xuan Yang; Mingyu Gao; Qiaoyi Liu,Computer science (0.86); Nested loop join (0.74); Compiler (0.66),"We show that DNN accelerator micro-architectures and their program mappings represent specific choices of loop order and hardware parallelism for computing the seven nested loops of DNNs, which enables us to create a formal taxonomy of all existing dense DNN accelerators. Surprisingly, the loop tran...",
compilers,2020,11,https://openalex.org/W3017521908,"MAESTRO: A Data-Centric Approach to Understand Reuse, Performance, and Hardware Cost of DNN Mappings",Hyoukjun Kwon; Prasanth Chatarasi; Vivek Sarkar,Computer science (0.89); Compiler (0.68); Reuse (0.66),"The efficiency of an accelerator depends on three factors-mapping, deep neural network (DNN) layers, and hardware-constructing extremely complicated design space of DNN accelerators. To demystify such complicated design space and guide the DNN accelerator design for better efficiency, we propose an ...",IEEE Micro
compilers,2020,12,https://openalex.org/W2998785217,Efficient and Interpretable Deep Blind Image Deblurring Via Algorithm Unrolling,Yuelong Li; Mohammad Tofighi; Junyi Geng,Deblurring (0.94); Computer science (0.77); Loop unrolling (0.68),"Blind image deblurring remains a topic of enduring interest. Learning based approaches, especially those that employ neural networks have emerged to complement traditional model based methods and in many cases achieve vastly enhanced performance. That said, neural network approaches are generally em...",IEEE Transactions on Computational Imaging
compilers,2020,13,https://openalex.org/W3015998244,A Survey on Coarse-Grained Reconfigurable Architectures From a Performance Perspective,Artur Podobas; Kentaro Sano; Satoshi Matsuoka,Computer science (0.87); Compiler (0.62); Parallel computing (0.51),"With the end of both Dennard's scaling and Moore's law, computer users and researchers are aggressively exploring alternative forms of computing in order to continue the performance scaling that we have come to enjoy. Among the more salient and practical of the post-Moore alternatives are reconfigur...",IEEE Access
compilers,2020,14,https://openalex.org/W3042501387,DSAGEN: Synthesizing Programmable Spatial Accelerators,Jian Weng; Sihao Liu; Vidushi Dadu,Computer science (0.80); Compiler (0.76); Modular design (0.64),"Domain-specific hardware accelerators can provide orders of magnitude speedup and energy efficiency over general purpose processors. However, they require extensive manual effort in hardware design and software stack development. Automated ASIC generation (eg. HLS) can be insufficient, because the h...",
compilers,2020,15,https://openalex.org/W3015291177,RetroWrite: Statically Instrumenting COTS Binaries for Fuzzing and Sanitization,S. Dinesh; Nathan Burow; Dongyan Xu,Fuzz testing (0.88); Computer science (0.86); Instrumentation (computer programming) (0.66),"Analyzing the security of closed source binaries is currently impractical for end-users, or even developers who rely on third-party libraries. Such analysis relies on automatic vulnerability discovery techniques, most notably fuzzing with sanitizers enabled. The current state of the art for applying...",
compilers,2020,16,https://openalex.org/W3107362213,Random testing for C and C++ compilers with YARPGen,Vsevolod Livinskii; Dmitry Babokin; John Regehr,Compiler (0.89); Computer science (0.88); Fuzz testing (0.78),"Compilers should not crash and they should not miscompile applications. Random testing is an effective method for finding compiler bugs that have escaped other kinds of testing. This paper presents Yet Another Random Program Generator (YARPGen), a random test-case generator for C and C++ that we use...",Proceedings of the ACM on Programming Languages
compilers,2020,17,https://openalex.org/W3007772124,MLIR: A Compiler Infrastructure for the End of Moore's Law,Chris Lattner; Mehdi Amini; Uday Bondhugula,Compiler (0.77); Computer science (0.52); End-to-end principle (0.47),"This work presents MLIR, a novel approach to building reusable and extensible compiler infrastructure. MLIR aims to address software fragmentation, improve compilation for heterogeneous hardware, significantly reduce the cost of building domain specific compilers, and aid in connecting existing comp...",arXiv (Cornell University)
compilers,2020,18,https://openalex.org/W3033405216,EVA: an encrypted vector arithmetic language and compiler for efficient homomorphic computation,Roshan Dathathri; Blagovesta Kostova; Olli Saarikivi,Computer science (0.83); Homomorphic encryption (0.77); Compiler (0.74),"Fully-Homomorphic Encryption (FHE) offers powerful capabilities by enabling secure offloading of both storage and computation, and recent innovations in schemes and implementations have made it all the more attractive. At the same time, FHE is notoriously hard to use with a very constrained programm...",
compilers,2020,19,https://openalex.org/W3043406639,A Multi-Neural Network Acceleration Architecture,Eunjin Baek; Dongup Kwon; Jangwoo Kim,Computer science (0.87); Artificial neural network (0.68); Compile time (0.49),"A cost-effective multi-tenant neural network execution is becoming one of the most important design goals for modern neural network accelerators. For example, as emerging AI services consist of many heterogeneous neural network executions, a cloud provider wants to serve a large number of clients us...",
compilers,2020,20,https://openalex.org/W3034030180,Understanding memory and thread safety practices and issues in real-world Rust programs,Boqin Qin; Yilun Chen; Zeming Yu,Computer science (0.83); Memory safety (0.80); Compiler (0.78),Rust is a young programming language designed for systems software development. It aims to provide safety guarantees like high-level languages and performance efficiency like low-level languages. The core design of Rust is a set of strict safety rules enforced by compile-time checking. To support mo...,
compilers,2020,21,https://openalex.org/W3045745713,Declarative Experimentation in Information Retrieval using PyTerrier,Craig Macdonald; Nicola Tonellotto,Computer science (0.85); Python (programming language) (0.80); Suite (0.77),"The advent of deep machine learning platforms such as Tensorflow and Pytorch, developed in expressive high-level languages such as Python, have allowed more expressive representations of deep neural network architectures. We argue that such a powerful formalism is missing in information retrieval (I...",
compilers,2020,22,https://openalex.org/W3009698679,Hybrid Automata Library: A flexible platform for hybrid modeling with real-time visualization,Rafael Bravo; Etienne Baratchart; Jeffrey West,Computer science (0.83); Java (0.77); Programming language (0.63),"The Hybrid Automata Library (HAL) is a Java Library developed for use in mathematical oncology modeling. It is made of simple, efficient, generic components that can be used to model complex spatial systems. HAL's components can broadly be classified into: on- and off-lattice agent containers, finit...",PLoS Computational Biology
compilers,2020,23,https://openalex.org/W3041018972,Dense Recurrent Neural Networks for Accelerated MRI: History-Cognizant Unrolling of Optimization Algorithms,Seyed Amir Hossein Hosseini; Burhaneddin Yaman; Steen Moeller,Computer science (0.70); Gradient descent (0.60); Regularization (linguistics) (0.59),Inverse problems for accelerated MRI typically incorporate domain-specific knowledge about the forward encoding operator in a regularized reconstruction framework. Recently physics-driven deep learning (DL) methods have been proposed to use neural networks for data-driven regularization. These metho...,IEEE Journal of Selected Topics in Signal Processing
compilers,2020,24,https://openalex.org/W3015405072,Semantic Understanding of Smart Contracts: Executable Operational Semantics of Solidity,Jiao Jiao; Shuanglong Kan; Shang‐Wei Lin,Solidity (0.98); Computer science (0.82); Smart contract (0.68),"Bitcoin has been a popular research topic recently. Ethereum (ETH), a second generation of cryptocurrency, extends Bitcoin's design by offering a Turing-complete programming language called Solidity to develop smart contracts. Smart contracts allow creditable execution of contracts on EVM (Ethereum ...",
compilers,2020,25,https://openalex.org/W2948156386,Phase Gadget Synthesis for Shallow Circuits,Alexander Cowtan; Silas Dilkes; Ross Duncan,Quantum circuit (0.71); Computer science (0.69); Quantum computer (0.68),"We give an overview of the circuit optimisation methods used by tket, a compiler system for quantum software developed by Cambridge Quantum Computing Ltd. We focus on a novel technique based around phase gadgets, a family of multi-qubit quantum operations which occur naturally in a wide range of qua...",Electronic Proceedings in Theoretical Computer Science
compilers,2020,26,https://openalex.org/W3043167609,Bouquet of Instruction Pointers: Instruction Pointer Classifier-based Spatial Hardware Prefetching,Samuel Pakalapati; Biswabandan Panda,Computer science (0.88); Instruction prefetch (0.78); Spec# (0.77),"Hardware prefetching is one of the common off-chip DRAM latency hiding techniques. Though hardware prefetchers are ubiquitous in the commercial machines and prefetching techniques are well studied in the computer architecture community, the “memory wall” problem still exists after decades of microar...",
compilers,2020,27,https://openalex.org/W3020430839,"Kernel Operations on the GPU, with Autodiff, without Memory Overflows",Benjamin Charlier; Jean Feydy; Joan Glaunès,Computer science (0.77); Kernel (algebra) (0.63); Parallel computing (0.60),"The KeOps library provides a fast and memory-efficient GPU support for tensors whose entries are given by a mathematical formula, such as kernel and distance matrices. KeOps alleviates the major bottleneck of tensor-centric libraries for kernel and geometric applications: memory consumption. It also...",arXiv (Cornell University)
compilers,2020,28,https://openalex.org/W3088720812,Applications of time parallelization,Benjamin Ong; Jacob B. Schroder,Parallel computing (0.65); Computer science (0.62); Automatic parallelization (0.45),,Computing and Visualization in Science
compilers,2020,29,https://openalex.org/W3116479614,"OpenCGRA: An Open-Source Unified Framework for Modeling, Testing, and Evaluating CGRAs",Cheng Tan; Chenhao Xie; Ang Li,Computer science (0.84); Netlist (0.67); Dataflow (0.55),"Coarse-grained reconfigurable arrays (CGRAs), loosely defined as arrays of functional units (e.g., adder, subtractor, multiplier, divider, or larger multi-operation units, but smaller than a general-purpose core) interconnected through a Network-on-Chip, provide higher flexibility than domain-specif...",
compilers,2020,30,https://openalex.org/W3033543343,PyKonal: A Python Package for Solving the Eikonal Equation in Spherical and Cartesian Coordinates Using the Fast Marching Method,Malcolm C. A. White; Hongjian Fang; Nori Nakata,Python (programming language) (0.89); Eikonal equation (0.78); Cartesian coordinate system (0.75),Abstract This article introduces PyKonal: a new open-source Python package for computing travel times and tracing ray paths in 2D or 3D heterogeneous media using the fast marching method for solving the eikonal equation in spherical and Cartesian coordinates. Compiled with the Cython compiler framew...,Seismological Research Letters
compilers,2020,31,https://openalex.org/W2923924232,Extracting Success from IBM’s 20-Qubit Machines Using Error-Aware Compilation,Shin Nishio; Yulu Pan; Takahiko Satoh,Computer science (0.78); Adder (0.69); Metric (unit) (0.64),"NISQ (Noisy, Intermediate-Scale Quantum) computing requires error mitigation to achieve meaningful computation. Our compilation tool development focuses on the fact that the error rates of individual qubits are not equal, with a goal of maximizing the success probability of real-world subroutines su...",ACM Journal on Emerging Technologies in Computing Systems
compilers,2020,32,https://openalex.org/W3041984699,Boba: Authoring and Visualizing Multiverse Analyses,Yang Liu; Alex Kale; Tim Althoff,Computer science (0.83); Robustness (evolution) (0.72); Scripting language (0.72),"Multiverse analysis is an approach to data analysis in which all ""reasonable"" analytic decisions are evaluated in parallel and interpreted collectively, in order to foster robustness and transparency. However, specifying a multiverse is demanding because analysts must manage myriad variants from a c...",IEEE Transactions on Visualization and Computer Graphics
compilers,2020,33,https://openalex.org/W3042598257,iPIM: Programmable In-Memory Image Processing Accelerator Using Near-Bank Architecture,Peng Gu; Xinfeng Xie; Yufei Ding,Computer science (0.86); Bottleneck (0.55); Hardware acceleration (0.47),"Image processing is becoming an increasingly important domain for many applications on workstations and the datacenter that require accelerators for high performance and energy efficiency. GPU, which is the state-of-the-art accelerator for image processing, suffers from the memory bandwidth bottlene...",
compilers,2020,34,https://openalex.org/W3046697300,Lyra,Jiaqi Gao; Ennan Zhai; Hongqiang Harry Liu,Computer science (0.83); Compiler (0.68); Pipeline (software) (0.59),"Programmable data plane has been moving towards deployments in data centers as mainstream vendors of switching ASICs enable programmability in their newly launched products, such as Broadcom's Trident-4, Intel/Barefoot's Tofino, and Cisco's Silicon One. However, current data plane programs are writt...",
compilers,2020,35,https://openalex.org/W3093049763,"Learning Semantics-Enriched Representation via Self-discovery, Self-classification, and Self-restoration",Fatemeh Haghighi; Mohammad Reza Hosseinzadeh Taher; Zongwei Zhou,Computer science (0.81); Semantics (computer science) (0.79); Artificial intelligence (0.62),,Lecture notes in computer science
compilers,2020,36,https://openalex.org/W3016769527,A Hybrid Systolic-Dataflow Architecture for Inductive Matrix Algorithms,Jian Weng; Sihao Liu; Zhengrong Wang,Computer science (0.84); Dataflow (0.72); Parallel computing (0.68),"Dense linear algebra kernels are critical for wireless, and the oncoming proliferation of 5G only amplifies their importance. Due to the inductive nature of many such algorithms, parallelism is difficult to exploit: parallel regions have fine-grain producer/consumer interaction with iteratively chan...",
compilers,2020,37,https://openalex.org/W3007205676,Compiler-based graph representations for deep learning models of code,Alexander Brauckmann; Andrés Goens; Sebastian Ertel,Computer science (0.89); Compiler (0.80); Benchmark (surveying) (0.54),"In natural language processing, novel methods in deep learning, like recurrent neural networks (RNNs) on sequences of words, have been very successful. In contrast to natural languages, programming languages usually have a well-defined structure. With this structure compilers can reason about progra...",
compilers,2020,38,https://openalex.org/W3003638998,Toward “On‐Demand” Materials Synthesis and Scientific Discovery through Intelligent Robots,Jiagen Li; Yuxiao Tu; Rulin Liu,Reinforcement learning (0.65); Computer science (0.64); Compiler (0.53),"A Materials Acceleration Operation System (MAOS) is designed, with unique language and compiler architecture. MAOS integrates with virtual reality (VR), collaborative robots, and a reinforcement learning (RL) scheme for autonomous materials synthesis, properties investigations, and self-optimized qu...",Advanced Science
compilers,2020,39,https://openalex.org/W3093415205,Neural reverse engineering of stripped binaries using augmented control flow graphs,Yaniv David; Uri Alon; Eran Yahav,Executable (0.91); Computer science (0.85); Reverse engineering (0.78),"We address the problem of reverse engineering of stripped executables, which contain no debug information. This is a challenging problem because of the low amount of syntactic information available in stripped executables, and the diverse assembly code patterns arising from compiler optimizations. W...",Proceedings of the ACM on Programming Languages
compilers,2020,40,https://openalex.org/W3000271901,PiNN: A Python Library for Building Atomic Neural Networks of Molecules and Materials,Yunqi Shao; Matti Hellström; Pavlin D. Mitev,Python (programming language) (0.90); Computer science (0.75); MIT License (0.69),"Atomic neural networks (ANNs) constitute a class of machine learning methods for predicting potential energy surfaces and physicochemical properties of molecules and materials. Despite many successes, developing interpretable ANN architectures and implementing existing ones efficiently are still cha...",Journal of Chemical Information and Modeling
compilers,2020,41,https://openalex.org/W2953833525,The MetaCoq Project,Matthieu Sozeau; Abhishek Anand; Simon Boulier,Programming language (0.82); Computer science (0.78); Compiler (0.50),,Journal of Automated Reasoning
compilers,2020,42,https://openalex.org/W3018591247,Source Code Assessment and Classification Based on Estimated Error Probability Using Attentive LSTM Language Model and Its Application in Programming Education,Md. Mostafizer Rahman; Yutaka Watanobe; Keita Nakamura,Computer science (0.82); Source code (0.66); Syntax error (0.56),"The rate of software development has increased dramatically. Conventional compilers cannot assess and detect all source code errors. Software may thus contain errors, negatively affecting end-users. It is also difficult to assess and detect source code logic errors using traditional compilers, resul...",Applied Sciences
compilers,2020,43,https://openalex.org/W3109383821,How do programmers use unsafe rust?,Vytautas Astrauskas; Christoph Matheja; Federico Poli,Rust (programming language) (0.89); Computer science (0.80); Programmer (0.64),"Rust’s ownership type system enforces a strict discipline on how memory locations are accessed and shared. This discipline allows the compiler to statically prevent memory errors, data races, inadvertent side effects through aliasing, and other errors that frequently occur in conventional imperative...",Proceedings of the ACM on Programming Languages
compilers,2020,44,https://openalex.org/W3033117380,Binary rewriting without control flow recovery,Gregory J. Duck; Xiang Gao; Abhik Roychoudhury,Computer science (0.81); Rewriting (0.78); Control flow (0.66),"Static binary rewriting has many important applications in software security and systems, such as hardening, repair, patching, instrumentation, and debugging. While many different static binary rewriting tools have been proposed, most rely on recovering control flow information from the input binary...",
compilers,2020,45,https://openalex.org/W3004857775,Dynamic Task-based Intermittent Execution for Energy-harvesting Devices,Amjad Yousef Majid; Carlo Delle Donne; Kiwan Maeng,Computer science (0.87); Task (project management) (0.72); Embedded system (0.54),"Energy-neutral Internet of Things requires freeing embedded devices from batteries and powering them from ambient energy. Ambient energy is, however, unpredictable and can only power a device intermittently. Therefore, the paradigm of intermittent execution is to save the program state into non-vola...",ACM Transactions on Sensor Networks
compilers,2020,46,https://openalex.org/W3082750925,DAVE: Deriving Automatically Verilog from English,Hammond Pearce; Benjamin Tan; Ramesh Karri,Computer science (0.87); Verilog (0.81); Compiler (0.79),"Specifications for digital systems are provided in natural language, and engineers undertake significant efforts to translate these into the programming languages understood by compilers for digital systems. Automating this process allows designers to work with the language in which they are most co...",
compilers,2020,47,https://openalex.org/W3100550724,Efficient AI System Design With Cross-Layer Approximate Computing,Swagath Venkataramani; Xiao Sun; Naigang Wang,Computer science (0.81); Computer architecture (0.56); Compiler (0.54),"Advances in deep neural networks (DNNs) and the availability of massive real-world data have enabled superhuman levels of accuracy on many AI tasks and ushered the explosive growth of AI workloads across the spectrum of computing devices. However, their superior accuracy comes at a high computationa...",Proceedings of the IEEE
compilers,2020,48,https://openalex.org/W3107463960,SWIGLAL: Python and Octave interfaces to the LALSuite gravitational-wave data analysis libraries,Karl Wette,Python (programming language) (0.84); Scripting language (0.81); Computer science (0.81),"The LALSuite data analysis libraries, written in C, implement key routines critical to the successful detection of gravitational waves, such as the template waveforms describing the merger of two black holes or two neutron stars. SWIGLAL is a component of LALSuite which provides interfaces for Pytho...",SoftwareX
compilers,2020,49,https://openalex.org/W3005126554,ABCDPlace: Accelerated Batch-Based Concurrent Detailed Placement on Multithreaded CPUs and GPUs,Yibo Lin; Wuxi Li; Jiaqi Gu,Computer science (0.86); Parallel computing (0.73); Speedup (0.58),"Placement is an important step in modern verylarge-scale integrated (VLSI) designs. Detailed placement is a placement refining procedure intensively called throughout the design flow, thus its efficiency has a vital impact on design closure. However, since most detailed placement techniques are inhe...",IEEE Transactions on Computer-Aided Design of Integrated Circuits and Systems
compilers,2020,50,https://openalex.org/W3107091372,Keeping modelling notebooks with TRACE: Good for you and good for environmental research and management support,Daniel Ayllón; Steven F. Railsback; Cara A. Gallagher,TRACE (psycholinguistics) (0.89); Computer science (0.76); Terminology (0.76),,Environmental Modelling & Software
